<?xml version="1.0" encoding="UTF-8"?>
<!DOCTYPE mapper PUBLIC "-//mybatis.org//DTD Mapper 3.0//EN"
  "http://mybatis.org/dtd/mybatis-3-mapper.dtd">
<mapper namespace="employee.mapper">

<!-- 선택한 부서의 전체 사원 목록 조회 -->
<select id="dept_emp_list" resultType="employee.EmployeeVO">
	select e.*, (select department_name from departments
 						where e.department_id = department_id) department_name,
	 					(select job_title from jobs
	 					where e.job_id = job_id) job_title
	from employees e
	<if test="dept_id > 0">where department_id = #{dept_id}</if>
	<if test="dept_id == 0">where department_id is null</if>
	order by employee_id
</select>


<!-- 사원이 소속된 부서명 조회 -->
<select id="deptlist" resultType="employee.DepartmentVO">
<!-- 전체 사원의 부서코드 및 부서명(스칼라 서브쿼리 이용) 조회 -->
select distinct e.department_id,
nvl( (select department_name from departments 
	  where department_id = e.department_id), '미배치' ) department_name 
from employees e
order by department_name
</select>

  
<!-- 선택한 사원의 상세 정보 조회 -->
<!-- 조회 항목 : employees - 사번, 성명, 이메일, 연락처, 입사일자
                 departments - 부서명
                 jobs - 업무명 -->
                 
<select id="empdetail" resultType="employee.EmployeeVO">
<!-- ① 사원 테이블 선택한 사원의 전체 정보 조회	
	select * 
	from employees
	where employee_id = #{id}
	
	② 스칼라 서브쿼리를 이용하여 부서명 조회
	select e.*, (select department_name from departments
	  				where e.department_id = department_id) department_name 
	from employees e
	where employee_id = #{id}
	
	③ 스칼라 서브쿼리를 이용하여 업무명 조회 -->	
	select e.*, (select department_name from departments
	  				where e.department_id = department_id) department_name,
	  				(select job_title from jobs
	  				 where e.job_id = job_id) job_title
	from employees e
	where employee_id = #{id}
</select>                 
  
  
  
  
  
  <!-- 전체 사원 목록 조회 -->
  <!-- 조회 항목 :  employees - 사번, 성명, 부서코드, 업무코드, 급여
  					departments - 부서명
  					jobs - 업무명
   -->
  <select id="emplist" resultType="employee.EmployeeVO">
<!--   	select e.employee_id, e.first_name, e.last_name, e.department_id -->
<!--   				, e.job_id, d.department_name, j.job_title, e.salary -->
<!--   	from employees e, departments d, jobs j -->
<!--   	where e.department_id = d.department_id(+) -->
<!--   	and e.job_id = j.job_id -->
<!--   	order by e.employee_id -->

	<!-- ① 사원 테이블 전체 정보 조회를 한 후 사원번호로 정렬	
		select * from employees
		order by employee_id
	
		② 스칼라 서브쿼리를 부서명 조회.. 
		select e.*, (select department_name from departments
						where e.department_id = department_id) department_name 
		from employees e 
		order by employee_id
		
		③ 스칼라 서브쿼리를 이용하여 업무명 조회			
 	-->
 		select e.*, (select department_name from departments
 						where e.department_id = department_id) department_name,
	 					(select job_title from jobs
	 					where e.job_id = job_id) job_title
	 	from employees e
	 	order by employee_id
  </select>
  
  
</mapper>








