<?xml version="1.0" encoding="UTF-8"?>
<!DOCTYPE mapper PUBLIC "-//mybatis.org//DTD Mapper 3.0//EN"
  "http://mybatis.org/dtd/mybatis-3-mapper.dtd">
<mapper namespace="member.mapper">

<!-- 입력한 신규 회원 정보 등록 -->
<insert id="join">
	insert into member (name, id, pw, email, gender, post, addr, birth, tel)
	values ( #{name}, #{id}, #{pw}, #{email}, #{gender}, #{post}, #{addr}, #{birth}, #{tel}  )
</insert>

<!-- ID 중복 확인 조회  -->

<select id="id_chk" resultType="integer">
	select count(*) from member
	where id = #{id}
</select>


<!-- social 정보 변경 -->
<update id="social_update">
	update member set name=#{name}, gender=#{gender}
	where ${social_type} = #{social_email}
</update>

<!-- social 정보 저장 -->
<insert id="social_insert">
	insert into member (id, name, gender, ${social_type})
	values (#{id}, #{name}, #{gender}, #{social_email})
</insert>

<!-- social_email 존재 여부 조회 -->
<select id="social_email" resultType="integer">
	select count(*) from member
	where ${social_type} = #{social_email}

</select>


<!-- 전달 받은 id, pw 에 해당하는 회원 정보 조회  -->
  <select id="login" resultType="member.MemberVO">
  	select * from member
  	where id = #{id}
  	and pw = #{pw}
  </select> 
  
</mapper>








