<?xml version="1.0" encoding="UTF-8"?>
<beans xmlns="http://www.springframework.org/schema/beans"
	xmlns:xsi="http://www.w3.org/2001/XMLSchema-instance"
	xmlns:context="http://www.springframework.org/schema/context"
	xsi:schemaLocation="http://www.springframework.org/schema/beans http://www.springframework.org/schema/beans/spring-beans.xsd
		http://www.springframework.org/schema/context http://www.springframework.org/schema/context/spring-context-4.3.xsd">

	<!-- context 외부 파일을 사용할 수 있도록 경로를 설정 -->
	<context:property-placeholder location="classpath:data/db.properties" />
	
	<!-- DBCP를 이용하여 db.properties 에 담긴 정보를 가져오는 bean을 생성 -->
	<bean id="dbcp" class="org.apache.commons.dbcp.BasicDataSource">
	<!-- id를 지정하면 다른 bean에서 참조할 수 있음 -->
		<property name="driverClassName" value="${db.driver}" />
		<property name="url" value="${db.url}" />
		<property name="username" value="${db.username}" />
		<property name="password" value="${db.password}" />	
	</bean>
	
	<bean id="dbcp_hr" class="org.apache.commons.dbcp.BasicDataSource">
	<!-- id를 지정하면 다른 bean에서 참조할 수 있음 -->
		<property name="driverClassName" value="${db.driver}" />
		<property name="url" value="${db.url}" />
		<property name="username" value="${hr.username}" />
		<property name="password" value="${hr.password}" />	
	</bean>
	
	<!-- myBatis 등록하는 빈 -->
	<!-- DB연결, 쿼리문 연결 -->
	<bean id="factory" class="org.mybatis.spring.SqlSessionFactoryBean">
		<property name="dataSource" ref="dbcp" />
		<property name="mapperLocations" value="classpath:sqlmap/*-mapper.xml" />
	</bean>
	
	<bean id="factory_hr" class="org.mybatis.spring.SqlSessionFactoryBean">
		<property name="dataSource" ref="dbcp_hr" />
		<property name="mapperLocations" value="classpath:sqlmap/*-mapper.xml" />
	</bean>
	
	<!-- 쿼리문 실행의 기능을 가진 빈(class) -->
	<bean class="org.mybatis.spring.SqlSessionTemplate">
		<constructor-arg name="sqlSessionFactory" ref="factory" />
		<qualifier value="hanul" />
	</bean>
	
	<bean class="org.mybatis.spring.SqlSessionTemplate">
		<constructor-arg name="sqlSessionFactory" ref="factory_hr" />
		<qualifier value="hr" />
	</bean>
	
	<!-- fileUpload 를 위한 bean 설정 -->
	<bean id='multipartResolver' class='org.springframework.web.multipart.commons.CommonsMultipartResolver'>
		<property name="maxUploadSize" value="104857600" />
		<property name="defaultEncoding" value="utf-8" />
		
		<!-- maxUploadSize : 최대 업로드 가능한 바이트 크기. -1은 제한 없음, 기본 값이 -1 -->
		<!-- defaultEncoding : 문자 인코딩... 기본값은 ISO-8859-1 코드로 지정 -->
	</bean>
	
	
	
</beans>








