<?xml version="1.0" encoding="UTF-8" ?>
<!DOCTYPE mapper
 PUBLIC "-//mybatis.org//DTD Mapper 3.0//EN"
 "http://mybatis.org/dtd/mybatis-3-mapper.dtd">
<mapper namespace="com.hanul.mybatis.boardMapper.xml">

<!-- 해당 num 게시글 정보 수정 저장 처리 -->
<update id="boardUpdate">
	update tblBoard set writer = #{writer},
						title = #{title},
						content = #{content},
						pw = #{pw}
	where num = #{num}
</update>

<!-- 해당 num 게시글 삭제 처리 -->
<delete id="boardDelete">
	delete from tblBoard
	where num = #{num}
</delete>

<!-- 해당 num 게시글의 상세 정보 조회 -->
<select id="boardDetail" resultType="BoardDTO">
	select * from tblBoard
	where num = #{num}
</select>

<!-- 해당 num 게시글 조회수 증가 -->
<update id="boardCount" parameterType="int">
	update tblBoard
	set readcnt = readcnt + 1
	where num = #{num}
</update>

<!-- 게시글 저장(insert) -->
<insert id="boardInsert" parameterType="BoardDTO">
<!-- 	insert into tblBoard -->
<!-- 	values (seq_tblBoard.nextval, #{title}, #{content}, #{pw}, #{writer}, sysdate, 0) -->
	insert into tblBoard (num, title, content, pw, writer)
	values (seq_tblBoard.nextval, #{title}, #{content}, #{pw}, #{writer} )	

</insert>

<!-- 게시판 전체 목록 조회 -->
<!-- <select id="boardList" resultType="com.hanul.dto.BoardDTO"> -->

<select id="boardList" resultType="BoardDTO">
	select * from tblBoard 
	order by num desc
</select>
</mapper>