<?xml version="1.0" encoding="UTF-8"?>
<!DOCTYPE mapper PUBLIC "-//mybatis.org//DTD Mapper 3.0//EN"
  "http://mybatis.org/dtd/mybatis-3-mapper.dtd">
<mapper namespace="customer.mapper">
  
  <!-- id에 해당하는 고객 정보 삭제 -->
  <delete id="delete">
  	delete from customer
  	where id = #{id}  
  </delete>
  
  
  <!-- id에 해당하는 고객 정보 수정 -->
  <update id="update">
  	update customer set gender = #{gender}, email = #{email}, phone = #{phone}
  	where id = #{id}
  </update>
  
  <!-- 신규 고객 정보 저장(삽입) -->
  <insert id="insert">
  	insert into customer(name, gender, email, phone)
  	values (#{name}, #{gender}, #{email}, #{phone})  
  </insert>
  
  <!-- id에 해당 고객 정보 조회 -->
  <select id="detail" resultType="customer.CustomerVO">
  	select * from customer
  	where id = #{id}  
  </select>
  
  <!-- 고객 전체 목록 조회 -->
  <select id="list" resultType="customer.CustomerVO">
  	select rownum no, c.* 
  	from (select * from customer order by name) c
  </select>
  
</mapper>