<?xml version="1.0" encoding="UTF-8" ?>
<!DOCTYPE mapper
  PUBLIC "-//mybatis.org//DTD Mapper 3.0//EN"
  "http://mybatis.org/dtd/mybatis-3-mapper.dtd">
<mapper namespace="com.hanul.mybatis.memberMapper.xml">

<!-- SQL 문장 작성
<insert | delete | update | select ~~~~>
	SQL Query 문 작성
</insert | delete | update | select>

- id 속성(식별자) : DAO 에서 설정한 값
  ▶ session.insert("memberInsert", dto);
						 ↑ id 일치
- parameterType 속성 : 매개변수 타입(Class, PDT) ▶ 생략 가능
  <typeAliases>
	<typeAlias type="com.hanul.study.MemberDTO" alias="MemberDTO"/>
  </typeAliases>
- 매개 변수 처리 : dto.getName() → #{속성명} ▶ #{name}
- SQL Query 문장 마지막에 세미콜론(;)은 입력하지 않는다.
- resultType 속성 : select 쿼리를 수행했을 때 결과 타입

-->

<!-- 해당 ID의 회원 정보 삭제 -->
<delete id="memberDelete">
	delete from w_member
	where id = #{id}
</delete>

<!-- 전체 회원 목록 조회 -->
<select id="memberSearchAll" resultType="MemberDTO">
	select * from w_member
</select>

<!-- 회원 가입 정보 저장(insert) -->
<insert id="memberInsert" parameterType="MemberDTO">
	insert into w_member 
	values ( #{name}, #{id}, #{pw}, #{age}, #{addr}, #{tel} )
</insert>

</mapper>





