<?xml version="1.0" encoding="UTF-8"?>
<!DOCTYPE mapper
  PUBLIC "-//mybatis.org//DTD Mapper 3.0//EN"
  "http://mybatis.org/dtd/mybatis-3-mapper.dtd">
<mapper namespace="notice.mapper">

<!-- 상세화면 조회 전 조회수 증가(변경) -->
<update id="read">
	update notice set readcnt = readcnt + 1
	where id = #{id}
</update>

<!-- 공지글 상세 내용 조회 -->
<select id="detail" resultType="notice.NoticeVO">
	select n.*, (select name from member where id = n.writer) name
	from notice n
	where id = #{id}
</select>


<!-- 공지사항 신규 글 등록 처리 -->
<insert id="insert">
	insert into notice (id, title, content, writer, filename, filepath)
	values ( seq_notice.nextval, #{title}, #{content}, #{writer},
			#{filename, jdbcType=VARCHAR}, #{filepath, jdbcType=VARCHAR})
</insert>
<!-- Oracle 사용시 Null 허용 컬럼에 값이 null 이 들어가는 경우
     부적합한 열 유형 이라는 에러 메시지가 뜨게 됨. 이때 이를 해결하기 위하여
     value1 = #{value1, jdbcType=VARCHAR},
     value2 = #{value2, jdbcType=VARCHAR}
  이런 식으로 값 뒤에 , jdbcType=VARCHAR    를 붙여서 처리해야 함 -->			

<!-- 공지사항 전체 글 목록 조회 -->  
  <select id="list" resultType="notice.NoticeVO">
<!--   	select * from notice  -->
	select rownum no, n.*, (select name from member where id = n.writer) name 
	from (select * from notice order by id) n
	order by no desc
  </select>
  
</mapper>